merchant_id,category,country,trust_score,number_of_alerts_last_6_months,avg_transaction_amount,account_age_months,has_fraud_history
M0001,travel,Austria,1.0,3,97.23,84,0
M0002,clothing,Poland,0.6896949545982018,2,142.71,93,1
M0003,electronics,Czech Republic,0.834609758230808,5,67.83,65,0
M0004,electronics,Belgium,0.6072286927139201,1,16.77,9,1
M0005,grocery,Ireland,0.6419012696704247,2,38.56,100,0
M0006,gaming,Czech Republic,0.7778911314305177,6,7.05,22,0
M0007,restaurants,Portugal,0.5087576209840605,3,14.8,53,1
M0008,gaming,Germany,0.6794530070362271,1,24.6,106,1
M0009,gaming,Poland,0.5134182215032209,3,101.14,92,0
M0010,grocery,Italy,0.9196172821337505,5,115.45,104,1
M0011,grocery,Ireland,0.48725857393570066,3,78.09,61,0
M0012,grocery,Portugal,0.7423586627290718,3,47.1,20,1
M0013,electronics,Sweden,0.3947182740144435,4,64.46,20,0
M0014,travel,Portugal,0.8018024372915818,1,70.31,43,1
M0015,gaming,Finland,0.8310037892493032,6,20.59,15,1
M0016,gaming,Portugal,0.6743226930252577,0,141.32,60,0
M0017,education,Germany,0.5989373053030441,3,175.61,119,1
M0018,grocery,France,0.9260103022010298,2,61.1,115,1
M0019,electronics,Spain,0.48642716655414014,2,72.4,119,0
M0020,clothing,Austria,0.7863469448277616,2,76.49,21,1
M0021,electronics,Spain,0.44530942447293453,2,143.08,88,1
M0022,electronics,France,0.8146754621469565,1,103.87,52,0
M0023,travel,Denmark,0.7218792942969902,7,64.66,83,1
M0024,education,Ireland,0.835698030542481,2,54.85,12,0
M0025,gaming,Austria,0.7337154969658508,3,12.89,80,0
M0026,travel,Germany,0.4360890438269912,2,14.99,114,0
M0027,gaming,Italy,0.8419439141083184,7,40.69,82,1
M0028,restaurants,Denmark,1.0,4,96.12,61,1
M0029,clothing,Germany,0.7965006892701072,5,75.83,93,0
M0030,electronics,Poland,0.6039773808262054,4,150.7,92,1
M0031,gaming,Ireland,0.7982766596458462,3,97.9,62,0
M0032,grocery,Belgium,0.672578415390965,2,7.41,42,0
M0033,education,Portugal,0.7393871539108664,5,62.8,109,0
M0034,education,France,0.732995524715239,5,157.45,26,1
M0035,grocery,Denmark,0.6048654473887747,2,139.39,114,1
M0036,clothing,Belgium,0.9130459429409971,2,103.61,90,0
M0037,electronics,Denmark,0.776375742206061,1,214.98,44,1
M0038,electronics,Czech Republic,0.7583453750390188,2,98.43,53,0
M0039,electronics,Czech Republic,0.6792462133979739,1,19.3,119,1
M0040,restaurants,Austria,0.7568872986219488,1,65.99,16,0
M0041,grocery,Denmark,0.7956927800648963,3,29.84,109,0
M0042,gaming,Sweden,0.5337843702039055,4,27.93,73,1
M0043,education,Denmark,0.7781262363992387,3,92.6,87,1
M0044,travel,Poland,0.4214498068231103,3,176.06,85,0
M0045,grocery,Spain,0.9495890166679041,2,176.31,40,0
M0046,education,Ireland,0.8801914664138851,2,6.26,118,1
M0047,grocery,France,0.6984974475782122,0,167.75,35,0
M0048,clothing,Ireland,0.6390681801747709,1,50.52,116,1
M0049,travel,Ireland,0.7131846297595497,3,29.03,32,1
M0050,education,Czech Republic,0.7131645452929143,3,34.51,69,1
M0051,restaurants,Sweden,0.6248693924065255,4,44.87,78,0
M0052,travel,Finland,0.5911875148876995,4,103.98,108,1
M0053,grocery,Portugal,0.9544692778946966,6,99.18,96,1
M0054,electronics,France,0.956642041468708,3,9.96,13,0
M0055,clothing,Italy,0.5668827377970055,2,65.19,98,1
M0056,travel,Belgium,0.7564448226670812,3,24.93,69,0
M0057,grocery,Sweden,0.7332143088826804,4,22.98,79,0
M0058,education,Austria,0.3086023072590211,2,70.4,70,0
M0059,gaming,Belgium,0.43145350836889546,4,14.15,28,0
M0060,restaurants,France,0.7570013510248339,2,29.47,114,0
M0061,grocery,France,0.7659990326069523,0,60.04,89,1
M0062,grocery,Finland,0.7966926726816419,3,16.91,103,0
M0063,restaurants,Germany,0.9270673850226501,2,44.66,64,0
M0064,clothing,Ireland,0.4226742092003146,2,91.85,66,1
M0065,electronics,Finland,0.8563271074642472,6,78.09,98,1
M0066,restaurants,Germany,0.5786052423515686,1,117.52,26,1
M0067,clothing,Ireland,0.39535795589412137,7,159.29,7,1
M0068,restaurants,Finland,0.9408392134027106,2,7.89,104,1
M0069,grocery,Czech Republic,0.46311795292665436,1,66.1,36,1
M0070,electronics,Finland,0.871814183046908,4,49.9,10,0
M0071,travel,Belgium,1.0,4,57.24,64,1
M0072,restaurants,Germany,1.0,4,27.59,26,1
M0073,restaurants,Sweden,0.44337872892833685,5,64.07,97,1
M0074,travel,Italy,0.6253394798689305,2,6.86,18,1
M0075,restaurants,Finland,1.0,3,41.86,65,0
M0076,electronics,Belgium,0.8614429663915906,1,71.73,56,1
M0077,travel,Netherlands,0.39254464499375397,1,5.45,72,1
M0078,restaurants,Portugal,0.6983213737354835,4,124.72,7,1
M0079,travel,Sweden,0.2952306257142075,0,1.26,12,1
M0080,clothing,Finland,0.37641507853386313,1,51.49,92,0
M0081,grocery,Sweden,0.4503686748017468,5,89.82,60,1
M0082,education,Netherlands,0.8823338831570469,7,142.95,24,0
M0083,travel,Italy,0.7716856149337438,2,23.45,93,0
M0084,clothing,Denmark,1.0,3,36.75,89,1
M0085,electronics,Ireland,0.7503509337467036,7,119.07,99,0
M0086,clothing,Belgium,0.4408529289341934,4,151.79,105,0
M0087,clothing,Portugal,0.5948592753198203,1,366.17,36,1
M0088,electronics,Denmark,0.4960257512771,3,195.97,93,1
M0089,gaming,Austria,0.7173683610533187,4,133.6,44,1
M0090,clothing,Ireland,0.8127495694593374,2,24.58,44,0
M0091,education,Belgium,0.3493732832918753,4,49.95,15,0
M0092,restaurants,Finland,0.31576016455500605,5,28.16,69,0
M0093,gaming,Italy,0.753300635031473,8,123.86,75,1
M0094,electronics,Austria,0.5825054629904146,1,100.41,35,0
M0095,travel,Belgium,0.5694406436301499,4,340.77,97,1
M0096,travel,Czech Republic,0.4313961462003838,2,35.43,21,0
M0097,restaurants,Spain,0.69807786041917,6,122.19,83,1
M0098,education,Germany,0.7005365847496938,5,70.15,61,0
M0099,electronics,Spain,0.6091335877118788,3,112.85,101,1
M0100,grocery,Spain,0.45990509069161933,4,212.74,65,1
M0101,restaurants,Netherlands,0.5696893744567941,3,26.63,75,1
M0102,restaurants,Italy,0.4169600887944819,2,18.74,92,1
M0103,gaming,Portugal,0.6803273889857134,4,12.64,73,0
M0104,restaurants,Italy,0.3165702491711638,3,57.65,92,0
M0105,clothing,Sweden,0.7258683853745395,6,15.93,57,0
M0106,education,Denmark,0.6702073703866823,4,244.83,82,0
M0107,clothing,Italy,0.5303346439996122,4,29.2,59,0
M0108,grocery,Portugal,0.841869977480027,3,36.47,60,0
M0109,electronics,Poland,0.44503304859377696,2,23.55,110,0
M0110,restaurants,Sweden,0.9414158295891571,2,219.08,37,0
M0111,electronics,Spain,0.6472844109949388,5,105.24,66,1
M0112,travel,Finland,0.643750171214535,1,1.59,33,0
M0113,restaurants,Finland,0.5949959046189165,3,41.93,119,0
M0114,education,Germany,0.46695117251614393,2,145.49,49,0
M0115,clothing,Italy,0.7978834052428833,3,91.39,90,1
M0116,education,Austria,0.7608085048700092,1,7.36,38,0
M0117,gaming,Austria,0.5189202041954512,3,70.75,68,1
M0118,gaming,Finland,0.685358931308799,2,85.76,15,1
M0119,travel,Poland,0.47139969195064024,3,37.55,14,0
M0120,clothing,Sweden,0.6380356703349027,4,1.27,43,0
M0121,travel,Ireland,0.411695695448997,8,104.86,14,0
M0122,travel,France,0.9938180545164141,0,100.2,11,0
M0123,electronics,Italy,0.669433861993687,4,2.35,32,0
M0124,restaurants,Poland,0.7517584046915341,3,448.33,16,1
M0125,grocery,Austria,0.5571360833118382,1,53.23,99,1
M0126,gaming,Poland,0.4697608019899704,4,111.67,33,1
M0127,electronics,Finland,0.44599760752038714,3,3.84,28,1
M0128,gaming,Spain,0.4502233586054162,4,60.61,82,0
M0129,electronics,Italy,0.5196664153466436,2,248.42,22,0
M0130,travel,France,0.31020981885409893,2,0.91,49,0
M0131,education,Belgium,0.6475824474454626,3,22.23,11,1
M0132,gaming,Spain,0.9178881874227365,3,4.82,6,0
M0133,travel,Ireland,0.7054956704590978,3,1.11,15,0
M0134,education,Belgium,1.0,2,191.88,107,0
M0135,electronics,Italy,0.5966619599239624,1,84.85,32,0
M0136,gaming,Poland,0.936032394463662,2,190.27,53,0
M0137,clothing,Czech Republic,0.8982878864593473,8,165.74,25,0
M0138,education,Italy,0.8379771841601156,2,23.66,96,1
M0139,gaming,Austria,0.7449802821463133,2,78.57,10,0
M0140,gaming,Belgium,0.349607222811144,5,126.15,41,0
M0141,grocery,Finland,0.7835643722326933,5,105.11,16,0
M0142,grocery,Austria,0.7489289706769635,3,115.65,78,1
M0143,electronics,Sweden,0.8865355366050383,7,9.35,109,1
M0144,grocery,Belgium,0.8441119164418679,4,221.95,73,0
M0145,gaming,Finland,0.2519461832203731,3,55.46,70,1
M0146,travel,Germany,0.3298221014763114,3,71.27,104,0
M0147,gaming,Germany,0.33203299527175567,3,47.24,95,0
M0148,restaurants,Finland,0.6642242685172212,6,45.15,88,1
M0149,gaming,France,0.7339312334177798,2,26.34,21,0
M0150,clothing,Italy,0.6080230129608447,2,27.45,24,0
M0151,gaming,Sweden,0.7651929220643939,4,103.14,73,1
M0152,gaming,Czech Republic,0.831627650370211,6,119.35,74,1
M0153,gaming,Denmark,0.7822196589733663,4,72.11,54,0
M0154,gaming,Denmark,0.5197680118077177,4,127.22,7,0
M0155,electronics,Germany,1.0,6,22.37,12,0
M0156,gaming,Czech Republic,0.8175764918468483,5,70.51,109,0
M0157,electronics,Austria,0.5224377263285991,2,69.17,51,0
M0158,clothing,France,0.7839462953619522,5,42.4,110,0
M0159,gaming,Ireland,0.6686939646739173,4,62.25,63,1
M0160,grocery,Finland,0.986760300978247,2,11.01,95,1
M0161,travel,Italy,0.3063113706578849,5,168.66,79,0
M0162,electronics,Sweden,0.28747027871126146,3,24.57,29,1
M0163,grocery,Germany,0.5469456176632979,5,15.18,119,0
M0164,travel,Czech Republic,0.5044627362703461,4,275.92,72,0
M0165,grocery,Portugal,0.5135479730053585,1,11.74,108,1
M0166,grocery,France,0.8298389081215387,3,75.44,56,1
M0167,clothing,Austria,0.12198385157145675,0,77.46,78,1
M0168,clothing,Spain,0.48321027664637994,1,27.4,108,1
M0169,electronics,Portugal,0.2980956838479677,2,46.41,19,1
M0170,travel,Netherlands,0.5244567830304315,3,0.37,63,1
M0171,restaurants,Finland,0.9286673662501179,3,0.49,64,1
M0172,electronics,France,0.33929647983192135,4,13.87,15,0
M0173,travel,France,0.76942298588594,4,37.3,10,0
M0174,electronics,Poland,0.6082434218059214,1,92.81,63,0
M0175,grocery,Austria,0.8886161171342636,5,154.25,109,0
M0176,travel,Ireland,0.7927504638827978,3,23.91,17,0
M0177,electronics,Spain,0.2974549847348289,1,116.74,31,0
M0178,gaming,Sweden,0.7586299272363628,3,32.48,36,1
M0179,education,Sweden,0.8564829731035675,3,54.66,90,0
M0180,clothing,Spain,0.552876368860233,3,5.87,6,0
M0181,electronics,Denmark,0.3615767005005198,4,17.5,106,0
M0182,education,Spain,0.6912107399560634,6,8.72,43,0
M0183,grocery,Poland,0.910034768354385,2,102.51,51,1
M0184,travel,Denmark,0.6634614871326815,2,34.03,111,1
M0185,clothing,Germany,0.6710037295249048,4,6.11,51,0
M0186,restaurants,Portugal,0.5752755985997301,8,109.91,100,0
M0187,restaurants,Ireland,0.7398800328771269,7,15.85,114,1
M0188,grocery,Germany,0.8258344980364977,2,97.63,30,1
M0189,education,Portugal,0.976759596462113,3,27.47,57,1
M0190,education,Belgium,0.8698505459657688,1,248.41,88,1
M0191,electronics,Finland,0.5026303061921397,2,51.29,102,1
M0192,restaurants,Denmark,1.0,2,35.56,118,1
M0193,gaming,France,0.8017940515656461,2,38.32,66,1
M0194,clothing,Finland,0.9340075530240144,2,164.59,17,0
M0195,grocery,France,0.7672669792962765,2,66.67,59,1
M0196,grocery,Portugal,0.8868347398239971,0,3.78,41,0
M0197,electronics,Germany,0.8676353857903959,1,85.26,79,1
M0198,electronics,Poland,0.9042707269407027,6,90.74,15,0
M0199,travel,Finland,0.7237838376409967,2,67.22,117,0
M0200,grocery,Sweden,1.0,8,31.34,116,0
M0201,clothing,Poland,1.0,1,26.09,80,1
M0202,grocery,Germany,0.5105760786249696,2,1.24,118,0
M0203,restaurants,Belgium,0.7715589412375348,4,81.04,28,0
M0204,education,Ireland,0.6330286206143247,3,61.77,66,1
M0205,electronics,Netherlands,0.7387017152805951,3,134.08,79,0
M0206,education,Ireland,0.615894750338923,3,76.19,66,0
M0207,electronics,Spain,0.8055569659204546,2,87.23,87,1
M0208,electronics,Ireland,1.0,1,94.78,116,1
M0209,grocery,Belgium,0.7514506062629241,3,74.74,119,0
M0210,grocery,Ireland,0.8158797912250182,4,17.28,72,0
M0211,travel,Spain,0.5969699962533995,4,4.77,41,1
M0212,gaming,Germany,0.8356040382113398,1,123.76,24,1
M0213,gaming,Poland,0.5195987812911245,5,326.95,56,1
M0214,clothing,Portugal,0.8972234652508925,4,1.45,24,0
M0215,education,Spain,0.7970257074657334,4,15.81,111,1
M0216,clothing,Ireland,0.6158576577350061,2,36.57,85,0
M0217,travel,Ireland,0.8402604197222596,2,5.78,41,1
M0218,travel,Czech Republic,0.7174383162487218,0,5.28,114,1
M0219,grocery,France,0.3946804692391386,5,61.14,49,1
M0220,clothing,France,0.7610831531479272,2,7.23,77,0
M0221,education,Finland,0.6598627707262699,3,22.3,57,1
M0222,grocery,Germany,1.0,3,13.96,74,0
M0223,clothing,Denmark,0.8290284211547441,2,32.68,21,0
M0224,grocery,Czech Republic,1.0,5,173.18,72,0
M0225,education,France,0.6137879131515618,4,135.39,36,0
M0226,electronics,Italy,0.8939926219208357,2,41.69,115,1
M0227,gaming,Austria,0.7865494053928577,2,268.93,56,0
M0228,electronics,France,0.9369825447340231,2,39.44,47,0
M0229,education,Italy,0.6768855471056271,6,34.41,96,1
M0230,travel,France,0.44447676145970133,3,28.84,46,0
M0231,grocery,Portugal,0.5058321060623351,6,113.27,33,0
M0232,restaurants,France,0.45662511206761436,5,137.87,38,1
M0233,grocery,Denmark,0.6754023000194376,5,93.65,91,0
M0234,gaming,Portugal,0.4201896912058725,4,282.37,34,1
M0235,restaurants,Poland,0.7722520712459542,2,38.45,46,0
M0236,clothing,Czech Republic,0.657920133907917,0,58.29,102,1
M0237,education,Poland,0.6812927690381386,2,76.9,101,1
M0238,electronics,Belgium,0.910220556206911,3,81.32,76,0
M0239,grocery,Italy,1.0,1,107.64,62,1
M0240,education,Spain,0.5765794546302719,2,21.56,93,0
M0241,education,Finland,0.560207778082697,1,70.59,34,1
M0242,travel,Germany,0.9179461960491005,1,179.42,34,0
M0243,education,Spain,0.9729066318639051,1,230.92,21,1
M0244,gaming,Netherlands,0.5388589015899735,1,4.84,18,1
M0245,gaming,Spain,0.8598103052732488,2,197.43,115,1
M0246,gaming,Spain,0.6813162555777692,0,242.52,23,0
M0247,clothing,Italy,0.5090134482077113,1,277.33,97,0
M0248,grocery,Ireland,0.7899301262000281,1,178.69,116,0
M0249,clothing,Poland,0.7099015040957882,2,32.22,37,1
M0250,travel,Portugal,0.6517289164029797,4,149.43,79,0
M0251,travel,Germany,0.5043127983893162,5,38.22,79,1
M0252,gaming,Czech Republic,0.778852825841944,0,6.82,21,1
M0253,clothing,Netherlands,0.5916993540784483,2,34.09,43,0
M0254,education,Ireland,0.735885724413766,0,163.98,72,1
M0255,clothing,Sweden,0.3873939776241093,4,145.68,27,0
M0256,grocery,Ireland,0.584340423499307,6,272.69,41,0
M0257,gaming,Finland,0.6174726525203171,4,98.3,29,1
M0258,travel,Germany,0.5541119751461978,3,2.21,56,1
M0259,education,Italy,1.0,3,34.86,104,1
M0260,clothing,Italy,0.5303419359951157,4,28.44,62,0
M0261,electronics,France,0.7890731092352641,5,229.68,106,0
M0262,gaming,Czech Republic,0.8904529701386833,4,220.18,36,1
M0263,gaming,Ireland,0.4975185836352297,0,33.65,11,1
M0264,grocery,Belgium,0.19291287202485896,1,118.28,118,1
M0265,education,Denmark,0.714557407443396,4,127.08,7,0
M0266,education,France,0.6779000311698663,6,20.88,98,0
M0267,electronics,Denmark,0.7920707469180213,2,14.34,51,0
M0268,grocery,Italy,0.5175972621546369,0,25.61,64,1
M0269,education,Austria,0.8816145081606158,4,19.96,119,0
M0270,restaurants,Sweden,0.4846938439415242,5,65.16,106,1
M0271,electronics,Italy,0.45562549521176277,4,4.38,108,0
M0272,education,Finland,0.6629687173722368,5,166.18,80,1
M0273,restaurants,Netherlands,0.7031016716104649,3,18.51,82,0
M0274,travel,Italy,0.7622599917881899,1,5.87,63,1
M0275,travel,Germany,0.9993672415262035,3,2.96,95,1
M0276,restaurants,Germany,0.7909153696070055,3,129.57,24,0
M0277,electronics,Germany,0.8353737388026815,2,311.71,29,1
M0278,electronics,Finland,1.0,6,23.1,96,1
M0279,travel,Czech Republic,1.0,4,442.88,117,0
M0280,grocery,Poland,0.93212592592738,2,17.3,67,0
M0281,restaurants,Ireland,0.6522498076004047,2,4.95,34,1
M0282,education,Germany,0.6333132497503002,4,137.37,63,1
M0283,gaming,Poland,0.7051303310518097,3,147.1,38,0
M0284,gaming,Poland,0.5381345121205953,6,251.98,46,0
M0285,education,Germany,0.4146262174620596,2,97.4,28,1
M0286,education,Italy,0.8495743507813209,3,132.35,113,1
M0287,education,Sweden,0.6122997719809664,5,63.46,89,1
M0288,clothing,France,0.9306096706325832,2,59.59,31,0
M0289,grocery,Netherlands,0.4897797077590872,4,72.08,82,0
M0290,gaming,Portugal,1.0,4,14.02,115,0
M0291,education,Sweden,0.49210057317272293,2,95.24,40,1
M0292,education,Netherlands,0.4432423097272081,4,212.24,17,0
M0293,electronics,Austria,0.7674063551951641,2,3.93,99,1
M0294,clothing,Ireland,0.7300977228660209,0,234.57,12,1
M0295,electronics,Portugal,0.7095462889972837,2,72.28,83,0
M0296,gaming,France,0.9296980355651665,4,15.9,86,1
M0297,electronics,Denmark,0.2291615899877285,7,144.47,70,0
M0298,electronics,France,0.7517224868566311,3,51.0,55,1
M0299,travel,Italy,0.6273637925768077,1,201.86,82,1
M0300,education,Finland,0.5303335917856064,2,102.03,44,1
M0301,education,Czech Republic,0.7070008610169065,2,11.74,11,0
M0302,travel,Italy,0.47794362688164205,4,163.99,26,1
M0303,electronics,Denmark,0.7039297683625915,1,91.4,85,0
M0304,clothing,France,0.7386976389197515,3,99.65,84,1
M0305,gaming,Spain,0.49535397371038836,5,102.8,29,0
M0306,gaming,Czech Republic,0.8881729226567806,4,24.79,50,1
M0307,grocery,Denmark,0.6795043100669956,1,207.95,9,1
M0308,gaming,Czech Republic,0.6295542013386333,2,70.4,107,1
M0309,education,France,0.4390640174663479,2,28.49,35,0
M0310,grocery,Germany,0.33532767732156554,5,49.85,80,0
M0311,gaming,Ireland,0.9381248419349679,6,132.27,22,0
M0312,education,Belgium,0.8430393420693926,2,6.24,10,1
M0313,clothing,Germany,0.4080186973423464,2,57.67,25,1
M0314,travel,France,0.5817113482887877,3,74.97,23,1
M0315,electronics,Belgium,1.0,3,3.32,55,0
M0316,gaming,Spain,0.7413848623262207,2,68.12,17,1
M0317,restaurants,Austria,0.5434132278417404,5,27.99,103,0
M0318,restaurants,Denmark,0.6635300576357621,0,79.94,101,1
M0319,travel,Portugal,0.9755298882926207,1,0.12,32,0
M0320,travel,Denmark,0.664576329207629,3,20.18,108,0
M0321,electronics,Netherlands,0.8200828620449379,4,181.99,34,1
M0322,education,Germany,0.5242718567792951,5,27.98,40,1
M0323,gaming,Denmark,0.6808638608139268,4,47.17,108,1
M0324,electronics,Portugal,0.6742505653435289,0,140.98,118,1
M0325,education,Netherlands,0.32432487128517007,3,6.69,19,0
M0326,gaming,Finland,0.8696376455499346,3,114.65,51,0
M0327,electronics,Spain,0.35846113352333875,4,25.69,13,0
M0328,grocery,Sweden,0.6112532026823843,2,67.18,6,1
M0329,travel,Germany,1.0,5,3.18,11,1
M0330,travel,Czech Republic,0.21541775481658854,3,218.25,13,0
M0331,gaming,Belgium,0.8594039455225894,6,123.91,94,1
M0332,grocery,Spain,0.9348150387969517,5,18.36,68,0
M0333,clothing,Denmark,0.42311560507093576,4,56.7,28,1
M0334,clothing,Germany,0.7044955916433752,3,24.88,19,1
M0335,gaming,Poland,0.8335102571472175,1,26.84,30,0
M0336,travel,Poland,0.796666227810086,3,68.74,75,0
M0337,electronics,Poland,0.5021006777630327,2,46.17,20,0
M0338,education,Denmark,0.643509300126187,2,22.67,67,0
M0339,clothing,Sweden,0.8896336561412388,6,8.78,61,0
M0340,electronics,Germany,0.7537955108083898,3,27.96,83,1
M0341,electronics,Austria,0.5018320776753948,3,5.47,113,1
M0342,grocery,Sweden,0.8745697740801686,3,42.25,86,1
M0343,travel,Portugal,0.7777783168670013,6,88.73,58,1
M0344,clothing,Germany,0.48872705980365927,4,4.59,113,1
M0345,clothing,Spain,0.8272212960921673,2,30.36,96,1
M0346,gaming,Finland,0.7842633519223577,3,232.41,47,1
M0347,clothing,Poland,0.8939869463874229,2,0.2,71,1
M0348,clothing,Spain,0.513225844765939,2,160.27,105,1
M0349,education,Denmark,0.3589821100593886,4,52.41,31,1
M0350,grocery,Netherlands,0.5433893956362671,3,100.45,43,0
M0351,education,Czech Republic,0.9090903670386902,4,29.43,37,0
M0352,clothing,Czech Republic,0.8048311203815259,2,5.94,21,0
M0353,travel,Denmark,1.0,1,5.23,44,0
M0354,restaurants,Germany,0.7481809707346948,1,226.37,25,0
M0355,restaurants,Denmark,0.6638708568573388,3,73.34,100,0
M0356,travel,Netherlands,0.7332822053012287,6,18.03,81,0
M0357,restaurants,Italy,0.38059502114755994,2,13.15,9,0
M0358,restaurants,Germany,0.7434175618064525,3,150.01,88,1
M0359,restaurants,Italy,0.6655695142048311,4,84.59,78,1
M0360,grocery,Spain,0.5513628369405412,5,51.36,104,0
M0361,travel,Spain,0.6237886650421208,6,67.33,65,1
M0362,education,Czech Republic,0.7905027806626008,5,48.5,109,1
M0363,clothing,Portugal,0.8041546508107215,1,17.28,21,1
M0364,clothing,Poland,0.6030909202876422,3,72.89,43,0
M0365,education,France,0.8280769534752346,3,36.86,110,0
M0366,travel,Italy,0.4656165492051507,1,45.31,104,0
M0367,education,France,0.6157040534043466,6,121.69,95,1
M0368,electronics,Spain,0.49348152189744793,1,259.88,37,1
M0369,clothing,France,0.5362569459772178,3,15.15,94,1
M0370,gaming,Spain,0.5087050639878209,0,5.32,60,0
M0371,clothing,Belgium,0.8561588743259494,2,216.08,102,1
M0372,grocery,Czech Republic,0.573446293542775,2,22.13,9,1
M0373,travel,France,0.42410706987788294,2,9.37,108,1
M0374,grocery,Czech Republic,0.8012095965024831,2,6.13,13,0
M0375,clothing,Italy,0.2503045894644171,2,110.62,36,0
M0376,electronics,Poland,0.688498396294041,3,29.5,38,0
M0377,travel,Netherlands,1.0,3,0.67,31,1
M0378,gaming,Czech Republic,0.580470470002091,3,128.47,113,0
M0379,education,Netherlands,0.8357351899673886,4,25.47,24,0
M0380,grocery,Italy,0.577787287446894,1,52.35,81,0
M0381,restaurants,Italy,0.7579701509982957,3,215.23,80,1
M0382,gaming,Portugal,0.683710002412337,4,62.35,46,1
M0383,travel,Poland,0.6520158392278406,2,20.47,72,1
M0384,gaming,Spain,0.49814593868436086,4,111.66,68,1
M0385,electronics,Czech Republic,0.5050946445149593,3,168.75,69,0
M0386,gaming,Italy,0.8932753110189338,3,21.83,106,0
M0387,grocery,Portugal,0.7366426992582022,1,147.85,55,0
M0388,restaurants,France,0.6293349386611601,4,203.61,93,0
M0389,gaming,Spain,0.7885005920648662,2,22.03,31,1
M0390,electronics,Italy,0.8884213214337033,2,86.46,45,0
M0391,grocery,Spain,0.7443310371014238,7,430.21,99,1
M0392,clothing,Portugal,0.8588622801998056,2,82.36,48,0
M0393,restaurants,Poland,0.7574921689294162,1,156.28,100,0
M0394,education,Portugal,0.6977606606186487,2,155.35,39,1
M0395,grocery,Netherlands,0.7183000626800844,3,124.12,87,1
M0396,clothing,Spain,0.9189511498151257,1,31.19,69,0
M0397,grocery,Germany,0.4887241566120983,5,38.41,66,1
M0398,restaurants,Austria,0.43298880266258916,1,34.41,43,0
M0399,travel,Poland,0.9473344771288309,2,97.44,80,1
M0400,grocery,Sweden,0.6564721945267911,4,134.62,16,0
M0401,clothing,Portugal,0.744959352302767,3,26.37,103,0
M0402,travel,Ireland,0.4364615605431066,3,240.43,27,1
M0403,restaurants,Netherlands,0.6629654235858607,5,20.74,50,0
M0404,travel,Denmark,0.655890174212897,3,41.56,54,1
M0405,gaming,Germany,0.9808707917379478,5,171.84,83,1
M0406,electronics,Sweden,0.2934242202385619,2,13.05,56,0
M0407,travel,Portugal,0.446476176089253,5,47.3,63,0
M0408,education,Austria,0.17106708798148984,2,140.27,100,1
M0409,grocery,Denmark,0.5666698027101911,0,54.1,25,1
M0410,grocery,Netherlands,0.39301320211320645,4,120.22,45,1
M0411,grocery,Ireland,0.7607065502172481,2,19.8,24,0
M0412,grocery,Poland,0.7572052541660665,1,61.13,27,1
M0413,restaurants,Ireland,0.7738212493121912,3,16.13,87,0
M0414,clothing,Austria,0.43063580876661933,6,232.54,34,0
M0415,restaurants,Spain,0.7378862975692037,2,49.43,112,0
M0416,grocery,Portugal,0.30853726878216947,3,24.65,96,0
M0417,restaurants,Germany,0.4534815360268295,5,56.3,99,0
M0418,electronics,Spain,0.7805017151262041,4,59.59,22,1
M0419,clothing,Poland,0.5566331562193124,4,50.0,86,1
M0420,electronics,Denmark,0.5940964728332965,2,49.85,111,0
M0421,travel,Netherlands,0.46496970856649766,1,157.86,93,0
M0422,education,Poland,0.33403664476252365,2,49.04,36,1
M0423,clothing,Portugal,0.7353166904435601,1,0.74,68,1
M0424,clothing,France,0.7859148900425801,5,71.45,93,0
M0425,electronics,Poland,0.652284767309779,4,237.84,98,0
M0426,restaurants,Netherlands,0.9157234034704861,7,158.6,15,1
M0427,restaurants,Spain,0.4986499460053121,3,9.2,65,1
M0428,grocery,Denmark,0.8938175651253822,4,120.86,115,1
M0429,travel,Italy,0.4732106911694052,4,23.72,96,1
M0430,restaurants,Austria,0.8279329677649139,1,293.75,54,0
M0431,grocery,France,0.8360090351204611,3,67.81,99,0
M0432,restaurants,Poland,0.29591708777631676,1,5.85,107,0
M0433,grocery,Poland,0.5152500960196934,4,160.57,56,0
M0434,education,Czech Republic,0.6942631448237262,2,12.67,66,1
M0435,education,Spain,0.43265004639086485,6,13.0,82,0
M0436,travel,Italy,1.0,5,202.71,101,0
M0437,grocery,Sweden,0.37402057492421464,1,20.15,101,1
M0438,grocery,Austria,0.6209633550974156,1,78.29,70,0
M0439,grocery,Italy,1.0,1,127.37,10,1
M0440,education,Belgium,0.9966105828715193,6,17.06,109,0
M0441,education,Germany,0.7963040516883855,3,8.99,92,1
M0442,grocery,France,0.5738305593157429,0,170.37,99,1
M0443,clothing,Ireland,1.0,2,28.56,41,1
M0444,restaurants,Ireland,1.0,6,194.82,49,0
M0445,travel,Czech Republic,0.39057735270276456,5,51.8,101,0
M0446,restaurants,Finland,0.37843507005921506,4,43.27,58,1
M0447,electronics,Germany,0.8968334242301782,2,6.32,113,0
M0448,restaurants,Germany,0.6778029056333972,8,77.46,101,0
M0449,restaurants,Belgium,0.6354431068365101,4,87.72,111,1
M0450,clothing,France,0.6074457579145618,4,133.81,109,0
M0451,electronics,Finland,0.9121878955683025,3,85.98,14,1
M0452,gaming,Portugal,0.8580089320690452,2,33.46,17,1
M0453,grocery,Sweden,0.7360551321020519,4,58.84,95,1
M0454,education,Germany,0.8220366669937352,4,3.41,38,1
M0455,grocery,Austria,0.5045469070614881,2,65.36,49,1
M0456,gaming,France,0.7226231729835471,4,99.6,19,0
M0457,education,Spain,1.0,3,164.9,14,1
M0458,clothing,Italy,0.5778471875370241,4,165.06,35,1
M0459,gaming,Portugal,0.7127958561049639,1,130.26,37,1
M0460,travel,Portugal,0.785165431400803,3,68.11,92,1
M0461,travel,Germany,0.37582775210591185,4,17.02,57,1
M0462,clothing,Austria,0.8626893583366634,2,79.62,102,1
M0463,clothing,Portugal,0.7827785883154352,3,33.42,77,1
M0464,clothing,Sweden,0.94515507084017,4,33.77,53,1
M0465,gaming,Poland,0.6393478847764192,2,14.03,39,1
M0466,clothing,Poland,0.7730903588480892,5,78.41,49,0
M0467,restaurants,Sweden,0.5317164528422289,4,10.37,20,0
M0468,clothing,Finland,0.41311284692096006,4,86.73,25,0
M0469,gaming,Portugal,0.8464641481848957,2,34.78,10,0
M0470,restaurants,Czech Republic,0.5225085781997709,5,38.46,83,1
M0471,education,Italy,0.7558176941937205,4,29.87,36,1
M0472,education,Belgium,0.5211549971878011,2,0.74,21,0
M0473,travel,France,0.580096795215017,4,5.12,108,0
M0474,electronics,Czech Republic,0.9187852947662031,1,148.34,91,1
M0475,travel,Portugal,0.8468315237516966,1,86.21,16,0
M0476,gaming,Belgium,0.5231673507923172,2,18.72,25,0
M0477,restaurants,Denmark,0.9194135357571698,2,4.96,14,1
M0478,restaurants,Italy,1.0,8,408.29,9,1
M0479,gaming,Denmark,0.6080697230249276,5,98.93,75,0
M0480,electronics,Netherlands,0.44766970834194647,2,0.73,97,1
M0481,clothing,Spain,0.5077649761648857,3,29.42,10,1
M0482,education,Belgium,0.5727725840321045,3,14.57,111,1
M0483,education,Poland,1.0,1,80.63,16,0
M0484,travel,Spain,0.5961159888991434,5,23.05,31,1
M0485,travel,Denmark,0.8149179677894854,3,101.51,38,1
M0486,restaurants,Portugal,0.3058463353774296,6,74.88,26,0
M0487,travel,Italy,1.0,3,25.54,14,1
M0488,education,Ireland,0.6664315714947852,4,20.89,59,0
M0489,restaurants,Ireland,1.0,3,21.21,53,1
M0490,education,France,0.8186596504484112,1,16.96,89,0
M0491,travel,Austria,0.5022808690066854,4,131.48,103,0
M0492,travel,Belgium,0.5287822393680579,1,68.44,12,1
M0493,clothing,Denmark,0.8901828414146334,5,54.07,116,1
M0494,gaming,Finland,0.7606892701280067,2,4.36,45,1
M0495,restaurants,Ireland,0.7174681830571348,2,92.41,63,1
M0496,clothing,Sweden,0.8877384249865372,2,94.39,79,1
M0497,restaurants,Italy,0.6973820377984151,3,189.3,16,1
M0498,clothing,Austria,0.6463263219103078,4,108.87,104,0
M0499,restaurants,Poland,0.7211566180893197,2,18.7,52,0
M0500,education,Portugal,0.5816044243563911,2,28.05,119,1
M0501,grocery,Netherlands,0.7577361618773084,2,63.21,94,0
M0502,grocery,Poland,0.5873632073308112,2,75.53,77,1
M0503,electronics,Finland,0.6610211883586938,6,31.67,100,0
M0504,travel,Italy,0.6678206923027087,3,30.41,15,0
M0505,electronics,Germany,0.8860285928212509,5,38.79,101,1
M0506,grocery,France,0.6250748934300928,3,220.32,79,0
M0507,electronics,Portugal,0.7294545213049957,3,122.09,80,1
M0508,travel,Poland,0.7467271282147984,2,46.93,8,1
M0509,restaurants,Ireland,0.5329108615174681,2,28.11,54,1
M0510,electronics,Czech Republic,0.5522308480251046,1,32.22,95,0
M0511,grocery,Belgium,0.5963861428671456,4,35.07,69,0
M0512,restaurants,Belgium,0.9421654992626629,2,38.55,53,1
M0513,electronics,France,0.20775213601405573,0,203.7,84,0
M0514,clothing,Czech Republic,0.7297194700049924,1,71.97,115,0
M0515,clothing,France,0.38196522501795704,4,57.48,112,0
M0516,gaming,Spain,0.8346374033304566,4,53.39,48,1
M0517,education,Belgium,0.6936143371029666,4,211.65,48,1
M0518,electronics,Finland,0.921329504368226,3,74.88,33,1
M0519,grocery,Germany,0.5383225926743141,4,12.6,93,1
M0520,gaming,Ireland,0.6840335995460749,2,175.03,42,1
M0521,travel,Belgium,0.9774391082020036,2,204.15,36,1
M0522,restaurants,France,0.09237696699099618,1,22.09,35,1
M0523,grocery,Austria,0.930333087129206,0,16.51,82,0
M0524,grocery,Italy,0.7516321134223307,0,67.58,93,0
M0525,clothing,Portugal,0.7710300658571975,3,4.14,58,0
M0526,clothing,Denmark,0.6841530415218138,7,54.39,31,1
M0527,electronics,Sweden,0.6609517599942941,3,65.34,60,0
M0528,clothing,Portugal,0.7246558135504447,7,342.59,66,1
M0529,travel,Germany,0.979700160404962,3,18.6,12,1
M0530,restaurants,Portugal,1.0,3,108.35,15,1
M0531,travel,Czech Republic,0.7340281816618602,4,126.45,91,1
M0532,restaurants,Austria,1.0,4,12.95,44,1
M0533,clothing,Austria,0.593698078169106,7,6.75,117,0
M0534,education,Netherlands,0.5931033931633983,3,91.23,25,1
M0535,electronics,Denmark,0.8402029930069803,7,90.14,26,1
M0536,electronics,Finland,0.5029639068636287,2,0.76,62,1
M0537,grocery,Austria,0.816983148230445,4,8.97,27,0
M0538,electronics,Portugal,0.5926557765962276,4,21.6,82,0
M0539,restaurants,Spain,0.6187889362606026,0,4.16,105,1
M0540,gaming,Netherlands,0.8068351587791909,1,49.62,41,0
M0541,travel,Belgium,1.0,3,83.9,32,1
M0542,gaming,Sweden,0.8626213263510338,3,32.13,47,1
M0543,restaurants,Germany,0.9288210532996717,1,57.83,47,0
M0544,gaming,Belgium,0.7933782107982925,5,59.69,78,1
M0545,travel,Poland,0.7463211176882287,5,73.76,21,1
M0546,clothing,Finland,0.7382449729341511,4,94.69,53,0
M0547,gaming,Poland,0.46734877695847576,2,89.82,116,0
M0548,electronics,Austria,0.6170095414630431,1,13.37,18,1
M0549,restaurants,Belgium,0.6893813347156504,3,66.57,87,1
M0550,gaming,Poland,0.32662383149994484,1,23.92,8,0
M0551,clothing,France,0.6988566947269302,1,2.68,48,0
M0552,electronics,Denmark,0.6261424720570398,2,14.07,20,0
M0553,gaming,Finland,0.41472228775530073,4,18.29,39,1
M0554,grocery,Portugal,0.6933038456777477,4,99.79,56,0
M0555,clothing,Czech Republic,0.5942533044236387,3,48.06,108,0
M0556,clothing,Italy,0.6573870586819358,5,216.18,36,1
M0557,grocery,France,0.9977714989679284,4,10.75,32,0
M0558,electronics,Sweden,0.8111858800931879,4,86.06,70,1
M0559,electronics,France,0.954869788987891,6,78.53,32,1
M0560,grocery,Denmark,0.6547774883061649,3,86.02,94,1
M0561,clothing,Denmark,0.6813617258760181,2,197.95,21,0
M0562,clothing,Finland,0.7982165406695177,5,9.37,44,0
M0563,clothing,Netherlands,0.839487046037168,0,16.26,42,1
M0564,education,Denmark,0.8446230705458707,3,14.88,21,0
M0565,travel,Spain,0.8642059620733118,5,58.95,60,0
M0566,electronics,Italy,1.0,2,54.38,44,1
M0567,grocery,Spain,0.5617811065652792,2,197.33,99,1
M0568,clothing,Netherlands,0.6992193093943471,5,30.72,51,1
M0569,electronics,Austria,0.7893359158488089,3,117.19,67,1
M0570,grocery,Belgium,0.7061998312772022,3,29.55,11,0
M0571,restaurants,Spain,0.8231731942605678,2,1.51,103,1
M0572,electronics,Ireland,0.6992976441121102,3,137.04,19,0
M0573,restaurants,France,0.5726300438531018,3,37.07,113,1
M0574,grocery,Denmark,1.0,5,248.63,9,1
M0575,clothing,Poland,0.3419353416007777,2,33.94,42,0
M0576,gaming,Germany,0.5398265013498729,2,53.05,13,1
M0577,gaming,Italy,0.48629129764627055,3,251.92,66,0
M0578,restaurants,Germany,0.7704934131016596,3,90.52,99,1
M0579,clothing,Portugal,1.0,4,46.11,81,0
M0580,travel,Czech Republic,0.6307200747016057,1,5.23,68,1
M0581,travel,Sweden,0.38902167300019774,4,111.85,23,1
M0582,restaurants,Poland,0.5877761145922633,1,182.18,105,0
M0583,restaurants,Sweden,1.0,2,34.97,34,0
M0584,travel,Sweden,0.9947220861008241,5,62.14,31,0
M0585,clothing,Portugal,0.4611001442158552,3,306.12,109,1
M0586,electronics,Poland,0.8583122128571212,2,162.67,23,1
M0587,grocery,Sweden,0.4783892411507057,1,80.17,91,0
M0588,restaurants,Germany,0.42359865118027323,5,8.88,93,0
M0589,clothing,Denmark,0.6532989725896429,4,49.8,28,1
M0590,grocery,Belgium,0.9571436610110988,2,27.76,32,0
M0591,restaurants,Finland,0.8110804794982798,5,44.09,13,1
M0592,travel,Netherlands,0.9965361693043646,4,65.89,30,0
M0593,clothing,Sweden,0.7774838240289283,4,238.29,76,0
M0594,clothing,Denmark,0.7799282692683129,5,8.25,67,1
M0595,education,Ireland,0.8070469477705703,5,147.33,112,1
M0596,travel,Portugal,0.802840434199502,5,39.45,27,0
M0597,grocery,Italy,0.6459335955939745,3,200.69,81,1
M0598,grocery,Germany,0.8164797839975813,3,21.19,53,1
M0599,clothing,Finland,0.7112437266153299,0,3.54,73,1
M0600,clothing,Ireland,0.6980172281025299,4,63.36,45,1
M0601,gaming,Poland,0.5853040905901364,1,28.85,46,0
M0602,travel,Finland,0.6393297876473275,3,4.29,91,1
M0603,gaming,Portugal,0.6716059513047791,2,131.62,71,1
M0604,clothing,Italy,0.630498427455627,5,14.65,42,0
M0605,education,Poland,0.8519454425612569,3,131.85,38,1
M0606,electronics,Spain,0.6694734705060351,2,93.42,31,0
M0607,clothing,Denmark,0.5839852876190456,3,414.72,100,1
M0608,gaming,Denmark,0.44959734810356494,5,165.57,32,1
M0609,gaming,Spain,0.5886889280967329,2,64.09,10,0
M0610,education,Poland,0.7599010360796704,0,429.69,80,1
M0611,education,France,0.44808136327386455,3,18.41,14,0
M0612,education,France,0.5950251238854478,6,277.84,26,0
M0613,electronics,Finland,0.769833371079799,3,49.4,65,1
M0614,grocery,Czech Republic,0.7274905660401861,3,34.2,25,1
M0615,clothing,Finland,0.7660223548890677,1,114.44,58,0
M0616,clothing,Spain,1.0,5,9.58,104,1
M0617,travel,Germany,0.5632463912298196,2,32.54,35,0
M0618,grocery,Ireland,0.8255206692228562,1,59.41,19,0
M0619,electronics,Germany,1.0,8,311.78,100,1
M0620,restaurants,Denmark,0.4941907419073439,4,107.71,10,1
M0621,restaurants,Austria,0.6133437418873392,4,92.3,52,1
M0622,education,Austria,0.4807055948745672,1,6.55,67,0
M0623,clothing,Finland,0.6166976715514699,2,82.84,56,1
M0624,electronics,Finland,0.9086657578044639,5,177.76,48,1
M0625,electronics,Netherlands,0.7804669419061554,3,138.1,69,1
M0626,electronics,Austria,0.7772896942632604,4,160.47,52,0
M0627,education,Germany,0.8187226336233717,4,38.64,107,0
M0628,grocery,Italy,0.8600493182789986,6,88.07,21,0
M0629,electronics,Finland,0.5507294927182804,2,22.89,101,1
M0630,travel,France,0.5584334668619091,5,184.73,80,1
M0631,restaurants,Portugal,0.5437891289386563,5,7.01,84,1
M0632,electronics,Austria,0.8562706375809263,4,90.95,47,1
M0633,electronics,Italy,0.8005115454021615,3,61.3,48,1
M0634,gaming,Finland,0.8792610152522087,2,27.97,109,0
M0635,gaming,Poland,0.739492069516456,9,70.02,9,0
M0636,education,Netherlands,0.6869574978742813,4,35.78,42,1
M0637,travel,Spain,0.7734907568047578,0,59.61,71,0
M0638,education,Austria,0.6698416005741985,4,106.43,74,0
M0639,restaurants,Italy,1.0,1,87.77,16,1
M0640,electronics,Belgium,0.5150236509141677,3,5.12,30,1
M0641,education,Netherlands,0.5460975142731371,2,69.82,23,1
M0642,electronics,Italy,0.4973160913761413,2,28.83,99,0
M0643,restaurants,Italy,0.5962377090550148,3,130.15,22,0
M0644,education,Ireland,0.5387952614125586,1,61.1,11,0
M0645,education,Portugal,0.47787835330423944,4,62.83,51,1
M0646,electronics,Czech Republic,1.0,5,199.07,69,0
M0647,clothing,Sweden,1.0,3,28.67,63,0
M0648,electronics,Sweden,1.0,2,182.83,98,0
M0649,clothing,Germany,0.6543334872297137,3,36.35,105,0
M0650,clothing,Austria,0.7765063239656032,5,4.06,71,0
M0651,grocery,Denmark,0.9406259650625528,2,117.2,80,1
M0652,education,Finland,0.7532371010866574,3,233.72,50,0
M0653,clothing,Denmark,0.23868448241171802,5,24.01,56,1
M0654,electronics,Austria,0.4198109070356439,0,94.76,110,0
M0655,travel,Spain,0.4852616122520639,8,126.89,64,0
M0656,electronics,Belgium,0.611764839478447,4,27.61,110,0
M0657,travel,Austria,0.957135073944972,5,84.35,58,0
M0658,education,Spain,0.5741013440869239,1,249.29,39,1
M0659,electronics,France,0.742852501739259,4,203.03,94,1
M0660,education,Germany,0.5054476828512163,4,79.1,42,1
M0661,gaming,Denmark,1.0,3,75.65,7,0
M0662,travel,Finland,0.7587247477713372,1,14.25,107,1
M0663,grocery,Czech Republic,0.6675389911276919,3,12.65,6,1
M0664,restaurants,Sweden,0.6813982036831605,2,116.68,65,0
M0665,electronics,Belgium,0.5912703718223629,3,55.03,103,0
M0666,gaming,France,0.9255763494089986,3,76.57,115,1
M0667,travel,Belgium,0.6821058513898224,6,60.77,99,0
M0668,gaming,Finland,0.5052252494277862,2,63.82,38,1
M0669,travel,Austria,0.6881580207090682,5,26.32,49,1
M0670,education,Netherlands,0.5793714158994363,2,187.32,117,1
M0671,gaming,Germany,0.8089849784557226,5,11.69,41,0
M0672,travel,Ireland,0.4449018263484745,5,79.86,53,0
M0673,restaurants,Sweden,0.7188862055958727,2,26.55,14,1
M0674,grocery,Portugal,0.7641916367615726,0,33.4,73,0
M0675,electronics,Germany,0.5689325994813532,2,56.92,23,0
M0676,gaming,Ireland,0.32176543273915476,1,49.11,31,1
M0677,clothing,Germany,0.5644893437098972,3,57.45,36,1
M0678,education,Germany,0.9123586007437376,1,194.89,23,1
M0679,restaurants,Portugal,0.5752667485979307,4,72.04,60,1
M0680,restaurants,Finland,0.4645769915087623,0,93.49,47,1
M0681,travel,Austria,0.713855512345551,4,115.45,45,0
M0682,clothing,Spain,0.6811555262491346,2,20.72,118,0
M0683,electronics,Ireland,0.7257141585159885,5,1.0,104,0
M0684,travel,France,0.269414364477677,0,147.53,104,0
M0685,electronics,Spain,0.6226445001863853,4,57.52,31,0
M0686,education,Italy,0.7130284422224469,5,39.66,76,1
M0687,gaming,France,0.6162595815593842,3,0.31,80,1
M0688,restaurants,Sweden,0.8046146456788467,2,115.2,65,1
M0689,grocery,Finland,0.9369661717811009,1,43.25,113,1
M0690,grocery,Netherlands,0.32512621684777643,3,22.31,55,0
M0691,education,Czech Republic,0.38834148183406725,4,171.3,90,1
M0692,grocery,Spain,0.6760291413296248,3,55.21,44,1
M0693,travel,Czech Republic,0.5524168037511673,5,101.35,17,0
M0694,restaurants,Sweden,0.9696319316501552,4,29.11,37,0
M0695,grocery,Italy,0.8795673702743695,4,26.04,64,1
M0696,travel,Czech Republic,0.7286405716459909,2,306.94,18,1
M0697,travel,Denmark,0.7696365554286757,3,33.52,55,1
M0698,education,Spain,0.7010366855440417,5,54.97,115,0
M0699,restaurants,Poland,0.8423755345472503,1,211.18,98,0
M0700,education,Belgium,0.622574631583641,3,125.13,16,0
M0701,travel,Denmark,0.3399611996747665,1,17.81,93,1
M0702,travel,Spain,0.5906674217602566,3,4.65,91,0
M0703,grocery,Denmark,0.7399099870958945,5,141.16,28,0
M0704,electronics,Sweden,0.6974457004229155,4,50.32,75,0
M0705,clothing,Poland,1.0,5,134.49,44,1
M0706,restaurants,Austria,0.8423183923473639,4,137.42,119,0
M0707,electronics,Czech Republic,0.35823224566611933,4,182.78,112,0
M0708,grocery,Italy,0.6169007489556696,3,98.49,53,0
M0709,clothing,Sweden,1.0,7,26.88,28,0
M0710,clothing,Italy,0.9603100372663189,5,312.96,43,1
M0711,education,Austria,0.6542544402535379,2,57.55,103,1
M0712,electronics,Netherlands,0.05018700155205169,6,78.32,63,0
M0713,travel,Austria,0.6645009677496715,1,120.44,35,0
M0714,grocery,Italy,0.6872912475804127,4,129.78,83,1
M0715,electronics,Finland,0.6779276057190649,3,31.56,28,0
M0716,education,Finland,0.7543243833982708,5,122.46,6,1
M0717,travel,Denmark,0.6175332841108031,0,17.62,92,0
M0718,education,Italy,0.6017794141172954,4,33.77,10,0
M0719,grocery,Italy,0.5631223484398351,2,52.42,67,0
M0720,clothing,Finland,0.7714865089342461,5,12.09,18,1
M0721,travel,Portugal,0.6243149405981014,2,196.54,27,1
M0722,education,Denmark,0.42905767887255536,0,268.77,103,0
M0723,grocery,Portugal,0.865289149340455,5,91.6,10,0
M0724,restaurants,France,0.28420790652516736,1,45.75,9,1
M0725,grocery,France,0.7284324343931479,2,34.15,108,0
M0726,electronics,France,0.7110756171483514,2,48.27,11,0
M0727,electronics,Finland,0.7704581415118068,1,24.72,119,1
M0728,grocery,Denmark,0.8179054834461128,7,5.79,54,1
M0729,grocery,Denmark,0.6569232006535495,3,103.82,56,1
M0730,electronics,France,0.43213875055055245,2,263.35,50,1
M0731,education,Belgium,1.0,4,46.64,67,0
M0732,electronics,Denmark,1.0,1,25.25,109,0
M0733,restaurants,Ireland,0.948384443607985,2,10.62,22,0
M0734,electronics,Austria,1.0,5,80.65,94,0
M0735,clothing,Austria,0.7675880448710215,5,134.83,24,1
M0736,gaming,Sweden,0.6570065548092372,4,5.65,91,1
M0737,clothing,Poland,0.9392917721156595,4,36.33,46,1
M0738,electronics,Finland,0.4449370475720666,1,259.77,49,1
M0739,gaming,Portugal,0.5406721772399685,3,31.49,98,1
M0740,electronics,Austria,0.6064788134916317,3,141.83,66,0
M0741,education,Austria,0.7001135303983893,7,73.99,35,0
M0742,electronics,Spain,0.8603803922285126,2,93.6,82,0
M0743,clothing,Denmark,0.6155172569289875,3,2.97,60,0
M0744,gaming,Portugal,1.0,7,159.02,91,1
M0745,electronics,Spain,0.782472163558151,6,22.72,112,1
M0746,electronics,Germany,0.4318706025326447,1,36.43,103,0
M0747,electronics,Austria,0.9988535853141703,4,344.16,63,1
M0748,restaurants,Finland,0.7119731530807635,4,3.41,8,0
M0749,gaming,Portugal,0.8118936299965838,1,14.65,24,1
M0750,clothing,Belgium,0.21798472193262602,4,121.71,32,0
M0751,grocery,Netherlands,0.38284886330295265,4,12.25,17,1
M0752,education,Poland,0.4925784400197801,6,311.03,36,0
M0753,clothing,Sweden,0.4614769274598391,2,13.19,36,0
M0754,grocery,Italy,0.8174357021276818,3,52.03,49,0
M0755,clothing,Czech Republic,0.7051923074088983,4,156.52,32,1
M0756,travel,Ireland,0.4065157149511299,3,23.75,11,1
M0757,restaurants,Austria,0.9034730591419267,3,123.93,41,1
M0758,grocery,Belgium,0.49792466683285264,3,145.19,112,1
M0759,restaurants,Sweden,0.6157580931250194,2,33.15,119,0
M0760,restaurants,Italy,0.7009212020475459,1,40.48,33,0
M0761,education,France,0.5184727431681369,5,46.95,34,0
M0762,travel,Spain,0.8708499491825531,3,28.86,80,0
M0763,restaurants,Czech Republic,0.5793841707578903,2,44.51,91,1
M0764,clothing,Germany,0.7833624403706281,0,47.79,28,0
M0765,gaming,Czech Republic,0.44608870617647256,1,103.9,58,1
M0766,education,Poland,0.6524413964140318,1,116.99,97,0
M0767,education,Spain,0.7702302162139902,5,123.48,8,1
M0768,electronics,Czech Republic,0.8587875984390081,5,34.01,69,1
M0769,electronics,Portugal,0.8574779782051157,3,210.35,55,0
M0770,restaurants,Finland,0.5785205856002115,2,122.49,45,0
M0771,travel,France,0.3600505227669219,4,16.45,85,1
M0772,education,Belgium,0.6926912522468862,5,18.29,85,1
M0773,travel,Portugal,0.4033753370173301,5,4.08,36,0
M0774,electronics,Spain,0.8189226552180628,5,58.12,68,1
M0775,grocery,France,0.5868581297747641,3,17.72,45,1
M0776,education,Poland,0.9626874156361898,3,85.61,95,0
M0777,clothing,France,0.6080192164275458,1,4.27,109,1
M0778,gaming,Italy,0.952341464654701,0,21.18,22,1
M0779,education,Sweden,0.6030453639861252,4,27.79,92,1
M0780,education,Denmark,0.9960953467921012,6,303.53,112,1
M0781,gaming,Denmark,0.8754394507311613,2,221.99,13,1
M0782,gaming,Ireland,0.5866974634300561,6,199.99,111,1
M0783,clothing,France,0.6114552542254019,5,151.6,84,0
M0784,restaurants,France,0.8754111534892424,2,49.44,11,1
M0785,education,Sweden,0.5313204781336351,3,261.34,111,0
M0786,travel,France,0.6731327229009623,3,5.54,8,0
M0787,clothing,Italy,1.0,2,134.3,70,0
M0788,grocery,Poland,0.40834289852142724,6,245.67,99,1
M0789,electronics,Czech Republic,0.8904929853133244,3,235.69,33,1
M0790,gaming,Sweden,0.6613273105033581,2,108.43,6,1
M0791,restaurants,Poland,0.7001178686801895,1,13.9,73,1
M0792,restaurants,Sweden,0.7542705469179731,3,82.46,112,0
M0793,restaurants,Spain,0.784986342682855,4,27.53,64,1
M0794,electronics,Netherlands,0.15314606659113772,2,77.69,13,1
M0795,travel,Netherlands,1.0,3,43.42,87,0
M0796,restaurants,Germany,0.7398421847918579,4,72.95,77,1
M0797,gaming,Sweden,0.3886272955422774,1,7.64,106,0
M0798,clothing,Spain,0.7869028578228472,2,168.93,101,0
M0799,gaming,Portugal,0.7779204743374762,2,50.17,31,0
M0800,clothing,Portugal,0.5441674208227022,3,79.8,84,1
M0801,travel,Poland,0.7046127735856453,3,38.33,36,0
M0802,grocery,Ireland,0.7864375335332433,5,52.64,61,1
M0803,clothing,Germany,0.5991659180839253,4,136.43,113,1
M0804,grocery,Austria,0.8171332591787412,6,37.36,69,1
M0805,electronics,Spain,0.6990618833914437,0,24.56,37,1
M0806,electronics,Spain,0.8861338514865666,0,38.02,23,0
M0807,grocery,Germany,0.1896238407775529,4,46.79,110,1
M0808,clothing,Finland,0.630442769963129,2,97.85,52,1
M0809,grocery,Belgium,0.39049841482745673,3,40.5,99,0
M0810,restaurants,Germany,0.9088633592801129,2,16.97,63,1
M0811,electronics,Spain,0.7028515642889501,0,2.8,13,1
M0812,grocery,Italy,0.8801817313096747,2,208.88,91,0
M0813,gaming,Poland,0.702784730771604,6,303.77,31,1
M0814,clothing,Spain,0.38740931659508443,2,5.91,82,1
M0815,restaurants,Belgium,0.7237457432158609,4,86.16,75,0
M0816,grocery,Portugal,0.4323151455468314,3,102.63,14,0
M0817,electronics,Ireland,0.7523144894289243,6,114.17,74,0
M0818,travel,Finland,0.5936235106756379,5,108.82,62,1
M0819,education,Czech Republic,0.3935818335164096,2,55.61,38,0
M0820,restaurants,Spain,0.5529577841926926,5,61.04,86,1
M0821,restaurants,Belgium,0.45003575077785773,1,104.53,19,0
M0822,restaurants,Austria,0.9994577843998974,2,22.91,100,1
M0823,education,France,0.5972110240055054,1,39.69,80,1
M0824,education,Finland,0.8923948407435637,3,56.45,105,0
M0825,grocery,France,0.7986679268116453,1,709.04,72,1
M0826,travel,Spain,0.7494858179823944,3,28.29,68,0
M0827,clothing,Ireland,0.6531129214321324,0,0.19,105,1
M0828,gaming,Belgium,0.43566826798051,2,55.43,85,0
M0829,clothing,Portugal,0.5293159557186833,2,146.24,97,0
M0830,restaurants,Germany,0.5319568861217499,2,45.86,87,0
M0831,grocery,Ireland,0.7862117552636578,6,4.72,16,1
M0832,restaurants,Sweden,0.5116727752030534,2,54.52,9,1
M0833,gaming,Ireland,0.4009252793612344,5,19.71,31,0
M0834,travel,Spain,0.6822899194187265,0,184.83,97,0
M0835,restaurants,Finland,0.9622012027823109,7,6.51,19,0
M0836,clothing,Ireland,0.7954706121038627,3,55.75,52,1
M0837,grocery,Belgium,0.8727069790492842,3,245.06,70,0
M0838,gaming,Poland,0.4678803580466979,3,47.0,38,1
M0839,electronics,Czech Republic,0.5094055626247613,4,10.1,13,1
M0840,restaurants,Ireland,0.8155665032643604,7,20.24,56,0
M0841,clothing,Netherlands,0.7510639557344833,5,54.06,78,1
M0842,travel,Spain,0.8172556735572016,2,59.84,17,0
M0843,electronics,Belgium,0.4321442834104505,2,19.66,58,0
M0844,grocery,Austria,0.5020785819325314,3,139.95,101,0
M0845,restaurants,Netherlands,0.7130580247154495,2,19.35,67,1
M0846,travel,Italy,0.8127744289232701,2,131.65,94,1
M0847,grocery,Germany,0.4932811262929148,2,18.94,19,0
M0848,electronics,Netherlands,1.0,7,38.62,7,1
M0849,electronics,Netherlands,0.8710668229763394,2,51.56,61,0
M0850,travel,Poland,0.48117443138742955,1,121.92,100,1
M0851,travel,Belgium,0.8279443978517854,2,18.63,68,1
M0852,restaurants,Portugal,0.3315593317620456,4,61.14,65,1
M0853,electronics,Germany,0.8891987920552763,3,5.31,54,1
M0854,travel,Belgium,0.8067302349902323,2,252.71,101,0
M0855,electronics,Finland,0.7641017785605312,2,43.62,41,0
M0856,gaming,Italy,0.6770032920645811,1,227.12,17,0
M0857,restaurants,France,0.6193149487602729,4,348.84,98,1
M0858,electronics,Belgium,0.6758151000295415,3,156.55,13,1
M0859,education,Italy,0.8706272654437843,3,33.33,28,0
M0860,clothing,Portugal,0.6293267496031963,1,63.76,50,1
M0861,travel,Sweden,0.6942034476216326,3,6.45,25,1
M0862,restaurants,Finland,0.7484682318110532,2,114.82,51,0
M0863,clothing,Netherlands,0.5255766716223339,8,49.54,66,1
M0864,education,Italy,0.9385905164519995,4,31.28,58,1
M0865,gaming,Germany,0.5625699243371182,4,73.07,67,0
M0866,travel,Poland,0.505475214035995,3,120.96,21,1
M0867,grocery,Czech Republic,0.38056661445278306,3,149.96,76,1
M0868,clothing,Finland,0.8673579290701634,0,41.66,106,1
M0869,education,Sweden,0.602196431705239,2,153.34,103,1
M0870,clothing,Spain,0.9079357258195031,4,33.44,68,0
M0871,grocery,Ireland,0.678550589529515,3,129.45,49,0
M0872,electronics,Spain,0.928300704787763,1,80.55,26,1
M0873,education,Germany,0.7085164787660253,2,38.95,93,0
M0874,gaming,Belgium,0.6606016350026509,3,68.86,10,1
M0875,education,Belgium,0.33251112849952813,3,173.94,95,0
M0876,grocery,Czech Republic,0.7953165278536911,2,196.49,88,0
M0877,travel,Netherlands,0.8367699221927893,4,3.25,43,0
M0878,gaming,Spain,0.6469495546818441,3,18.76,76,0
M0879,travel,Denmark,0.37149501468605817,4,30.07,22,0
M0880,grocery,Czech Republic,0.9123583496685493,1,170.54,105,0
M0881,clothing,France,0.6631201160792526,3,2.58,76,1
M0882,education,Austria,0.4759658228907745,5,9.21,11,0
M0883,clothing,Germany,0.7473582887741147,2,209.33,35,0
M0884,restaurants,Czech Republic,0.912062652282722,5,232.72,18,1
M0885,restaurants,Denmark,0.8131578004640199,4,31.58,84,0
M0886,clothing,Ireland,0.9566392938310904,5,35.99,67,0
M0887,travel,Ireland,0.37981108543361763,3,57.68,117,0
M0888,grocery,Sweden,0.3596840119389276,0,43.25,10,1
M0889,grocery,Belgium,0.6617589800870763,2,344.85,107,0
M0890,education,Finland,0.5717837290102655,0,6.9,41,1
M0891,travel,Germany,0.8908747866611896,1,92.19,29,1
M0892,grocery,Denmark,0.7538641222119261,2,47.83,87,0
M0893,restaurants,Portugal,0.8110928945005598,2,64.53,110,0
M0894,gaming,Portugal,0.9015741997822279,2,26.38,75,0
M0895,grocery,Italy,0.6364668097738975,0,8.97,87,0
M0896,clothing,Belgium,0.8354833293054765,2,18.7,111,1
M0897,education,Denmark,0.9423233497446798,3,2.74,106,1
M0898,grocery,Sweden,0.7989841280801462,3,133.01,109,0
M0899,grocery,Austria,0.9320950064569783,4,38.65,37,1
M0900,clothing,Poland,0.8898294281146202,1,97.36,90,0
M0901,grocery,Denmark,0.8887018561929171,1,4.11,75,0
M0902,restaurants,Austria,0.6022182276384511,3,5.29,47,1
M0903,education,Netherlands,0.6574418594961441,2,28.11,79,1
M0904,restaurants,Finland,1.0,3,24.87,22,0
M0905,electronics,Portugal,0.9995394324901873,7,65.24,56,1
M0906,grocery,Belgium,0.6314213516732056,2,26.85,37,0
M0907,restaurants,Poland,0.8444004140042026,2,166.04,93,1
M0908,grocery,Denmark,0.609643885351571,4,88.54,117,0
M0909,grocery,Austria,0.44658217411557316,3,96.21,22,1
M0910,education,Belgium,0.3099773378187399,4,14.39,51,1
M0911,electronics,Portugal,0.4801540211463328,1,75.64,29,0
M0912,restaurants,Czech Republic,0.6661377511910854,5,16.94,94,0
M0913,gaming,Sweden,0.484005350940943,6,177.89,83,1
M0914,education,Germany,0.5414076680784667,3,160.93,9,1
M0915,gaming,Denmark,0.5959653866205563,6,92.83,106,1
M0916,clothing,Poland,0.0,1,32.81,93,1
M0917,grocery,Czech Republic,0.7585933495024852,4,84.24,101,0
M0918,clothing,Austria,0.4595768080715771,3,217.58,11,1
M0919,gaming,Finland,1.0,3,28.29,50,0
M0920,restaurants,Italy,0.33596384197423945,3,67.81,100,0
M0921,electronics,Ireland,0.444215087157513,4,88.38,97,1
M0922,travel,Portugal,0.7036576867841734,3,230.16,60,1
M0923,restaurants,Ireland,0.7026648496733793,1,25.8,23,1
M0924,education,Portugal,0.3704723331449853,6,177.7,104,0
M0925,electronics,Austria,0.5584569473115756,4,82.84,30,1
M0926,education,Netherlands,0.5049915745091306,5,181.91,85,1
M0927,grocery,Czech Republic,0.6482854728355931,7,63.02,73,1
M0928,clothing,Portugal,0.6151713475094013,0,74.54,6,1
M0929,travel,Spain,0.6612173421108556,2,15.64,19,1
M0930,education,Italy,0.8440208839942236,7,13.48,55,0
M0931,gaming,Belgium,0.7827503859769724,1,158.67,108,1
M0932,electronics,Ireland,0.593905443482975,2,1.75,22,1
M0933,grocery,Austria,0.5766205612561155,1,111.53,102,1
M0934,grocery,Finland,0.9205452718660474,1,135.54,12,1
M0935,clothing,Czech Republic,0.4698314629434188,4,33.77,18,0
M0936,grocery,Denmark,0.9950187587381729,5,34.73,56,1
M0937,gaming,Austria,0.5013484985660738,5,93.94,67,1
M0938,gaming,France,0.7886943244215858,3,5.66,86,0
M0939,grocery,Belgium,0.37648721562754234,2,46.96,37,0
M0940,clothing,Denmark,0.8762464092313956,2,48.78,68,0
M0941,clothing,Portugal,0.5553486496128239,0,78.65,21,0
M0942,education,France,0.9092404172428954,3,155.73,86,1
M0943,education,Belgium,0.18119697804252954,4,50.21,23,0
M0944,travel,Germany,0.47885844617687,2,4.88,38,1
M0945,gaming,Denmark,0.7991430898684271,2,59.24,114,1
M0946,education,Sweden,0.19666592445446296,2,121.39,73,1
M0947,clothing,Portugal,0.7855252182009128,2,46.93,86,1
M0948,restaurants,Czech Republic,0.9414595021944647,4,27.36,10,1
M0949,gaming,Finland,0.7400346479986016,2,94.76,88,1
M0950,grocery,Sweden,0.9401360504742581,6,40.57,10,1
M0951,grocery,Ireland,0.7615373618168512,2,3.5,100,1
M0952,electronics,Czech Republic,0.7621486760269153,4,100.28,98,0
M0953,gaming,Austria,0.2999764836403042,3,159.94,43,1
M0954,clothing,Spain,0.881382674196991,3,6.55,8,0
M0955,travel,Belgium,0.5439320662708821,2,148.87,67,0
M0956,gaming,Sweden,0.7087299245877294,1,51.2,65,1
M0957,education,Denmark,0.6372258497359857,8,65.29,78,1
M0958,electronics,Germany,0.5791768842385706,1,30.62,79,1
M0959,grocery,Belgium,0.6695339568026125,0,34.23,110,0
M0960,education,Portugal,0.8575489976493605,0,82.35,82,1
M0961,education,Spain,0.32606257506800873,3,175.08,25,0
M0962,restaurants,Poland,0.6071599274497708,6,90.67,52,0
M0963,electronics,Poland,0.9294410978817073,2,38.2,8,0
M0964,restaurants,Ireland,0.8459543780050836,3,74.39,91,0
M0965,restaurants,Sweden,0.7362266739813957,0,166.24,65,1
M0966,travel,Belgium,0.7283547247766164,4,39.7,30,1
M0967,clothing,Portugal,0.6351430683445286,3,27.25,73,1
M0968,education,Czech Republic,0.8034627286117588,1,1.06,17,0
M0969,clothing,France,0.6603602885506847,5,9.96,43,0
M0970,restaurants,Italy,0.39492399334624967,3,46.16,17,1
M0971,clothing,Germany,0.5164534430564314,1,0.98,52,1
M0972,education,Czech Republic,0.6860860765546926,3,226.94,33,0
M0973,grocery,Italy,0.927082834886012,4,21.15,60,1
M0974,travel,Czech Republic,0.7182520745095775,1,10.49,76,0
M0975,education,France,0.8535553285368097,5,114.99,90,0
M0976,electronics,Belgium,0.265320454380786,0,67.87,90,1
M0977,travel,Finland,0.9357599046434403,4,179.91,36,1
M0978,clothing,Belgium,0.7500744385304147,3,246.92,12,1
M0979,electronics,Netherlands,0.7089434879653457,1,75.06,89,1
M0980,travel,Germany,0.5863057079802059,2,62.92,54,1
M0981,gaming,Finland,0.8425336802808557,2,43.32,34,1
M0982,education,Poland,0.6951052614958853,2,121.15,13,0
M0983,clothing,Sweden,0.900372207818637,2,134.24,42,0
M0984,gaming,Portugal,0.8192698663187648,2,172.53,113,1
M0985,gaming,Netherlands,0.3485933775883041,3,6.57,105,1
M0986,electronics,Portugal,0.6113871806572727,6,28.32,119,1
M0987,grocery,Belgium,0.8268458308019109,2,144.43,118,0
M0988,restaurants,Denmark,0.5716726477400876,1,13.46,44,0
M0989,grocery,Poland,1.0,5,12.85,57,0
M0990,restaurants,Denmark,0.8244876882457772,3,71.84,26,1
M0991,grocery,France,0.8801472852905595,4,80.02,52,1
M0992,clothing,Poland,0.6607158917611861,1,5.26,44,0
M0993,grocery,Netherlands,0.5552008669645182,4,32.45,71,1
M0994,restaurants,Finland,0.6143969007943184,2,27.7,77,1
M0995,travel,Ireland,0.29541402200824973,3,295.49,96,1
M0996,travel,France,0.4126100005135353,3,162.98,111,0
M0997,clothing,Ireland,0.6165758098997003,5,0.56,34,0
M0998,education,Finland,0.6730474355437753,2,65.66,45,0
M0999,electronics,Portugal,0.738578466359985,1,24.23,56,1
M1000,education,Netherlands,0.8797089172302879,5,16.61,15,1
